{"cameraMode":{"drawMode":0,"name":"Shaded","section":"Shading Mode"},"sceneLighting":true,"audioPlay":false,"sceneViewState":{"showFog":true,"showMaterialUpdate":false,"showSkybox":true,"showFlares":true,"showImageEffects":true,"showParticleSystems":true,"showVisualEffectGraphs":true,"m_FxEnabled":true},"in2DMode":false,"pivot":{"x":0.03148007392883301,"y":3.7841153144836427,"z":6.744852542877197},"rotation":{"x":-0.061251524835824969,"y":0.7409161925315857,"z":-0.06821877509355545,"w":-0.6653295159339905},"size":2.1732566356658937,"orthographic":false}